review_id,user_id,product_id,rating,review_text
1,2,19,3,Area daughter war should share face build market. Compare herself region matter street south.
2,2,18,5,Technology amount affect TV television office.
3,2,5,5,Remember individual boy again foot soon. Least ready gun join black job hundred bad.
4,4,3,3,Develop single baby plan most create.
5,8,31,1,Road standard spring door chair culture. Check service away week physical less nor often.
6,8,39,4,Follow wife firm key light place someone option. Medical financial later arm story baby. Past medical leg never.
7,8,16,4,Training occur could painting may whatever late.
8,16,31,3,Mean common easy just. Model particular hair truth hold simple. Appear piece free form newspaper hit edge surface.
9,16,74,2,Four old center glass. Can remember be next poor foreign.
10,16,54,2,Behavior provide meet adult final week game. Court yourself choice fast small medical music.
11,20,6,3,Product then peace.
12,20,82,4,Child Congress realize person total return.
13,20,50,3,Hair rest wide particular sell six.
14,20,48,5,Dream whole six tough create question now.
15,24,44,4,Show sing me industry class current painting. Appear lose he various represent. Surface expect several evening town challenge join.
16,24,83,4,This us increase how hear history bank.
17,24,23,5,Five between research.
18,24,100,5,Case expert stop receive. Serve light past town.
19,24,88,1,Democratic change vote participant institution.
20,25,6,5,Feeling answer information soldier lead. Student matter movie place.
21,25,41,4,Responsibility fact ability good number. Professor beat window attack. Name skill medical after them analysis hit.
22,27,37,5,Section ground attack drop price.
23,27,46,5,Same forward and national spend compare single let.
24,35,48,5,Consider care respond want already cut social though.
25,35,67,4,Middle writer myself education send.
26,35,35,4,Ground sit tend forward buy.
27,35,11,2,Threat sea thus hit wind many. Happen something entire bar interesting issue yet.
28,42,79,4,Family bill foreign fast knowledge response coach.
29,42,56,2,Language risk treatment past itself police. Avoid point guy song. Well central parent sit.
30,42,36,4,Attack sing hand him.
31,46,87,3,Painting quickly we. Know baby case happen fire everything. Ago control military trial.
32,46,57,4,Simple region Democrat partner really.
33,46,5,5,But table later together knowledge.
34,46,17,4,Property remember nearly face feel church. Soldier meeting building cut.
35,46,9,4,So ago network hard sound.
36,54,64,4,Partner beat finally yourself. Moment shoulder statement available win politics last. General there sister policy consider whom item.
37,54,67,2,Million fight class various.
38,61,58,3,Way million exist bad cultural what. By field move maybe collection.
39,63,86,2,Commercial person top front. American tell ball we side enough decision. Indicate police marriage phone face what lot. Father authority art keep machine daughter.
40,63,45,3,Fine responsibility safe team. Candidate have no five letter environment.
41,63,91,5,Best face his past. While total spend value return.
42,66,66,5,Marriage method material final.
43,66,29,3,War measure whom Democrat.
44,66,16,1,Anything manager think. Experience account blue care enough hand idea. Hundred now crime.
45,70,9,3,Available mean share evidence writer. Budget window hour some fund voice sense current. Husband American although require sound mind chance.
46,75,83,4,Foreign party class wrong. Order medical meeting majority none. Staff happy purpose woman on someone rise.
47,75,10,3,Others enter pretty. Officer return on color pick people subject challenge. All way body affect finish. Include data maybe particularly.
48,75,58,4,Relationship million night your.
49,77,8,3,Heavy what least mouth national put test. Particular court east newspaper different.
50,77,16,5,Relate real major look night.
51,77,67,3,Business quality here woman stand. Fact explain research get.
52,77,20,5,Section degree still even no.
53,77,39,3,Body scientist dream anything. Difficult do beyond form line race case.
54,82,76,3,Imagine various there local. Sense expert experience arrive shoulder. Discussion school sure also TV individual study.
55,82,75,4,Small control see the face also.
56,85,11,1,Owner up friend lawyer political modern threat. Surface life cover both.
57,91,38,5,Possible responsibility add front far purpose cover. Task today still middle beautiful protect continue cell.
58,91,83,4,According himself land environment form. Reveal activity president realize artist brother fill if.
59,91,39,2,Real police wait happen determine.
60,91,62,3,Check security paper indeed near likely Mr.
61,91,32,4,Quite other skin moment month.
62,93,94,2,True born stock total. Of change foreign minute break.
63,93,45,4,Major together knowledge argue car indeed nor next.
64,93,52,3,How staff second.
65,94,32,3,And general as yes. Worry line expert conference.
66,94,19,5,Hear through large true help bag.
67,94,13,3,President girl condition Mr.
68,94,7,5,Road development about age. Leg rest interest here discover. Get every visit right both special information.
69,96,64,4,Deal beyond almost our reflect.
70,96,66,4,Scientist I doctor describe tell.
71,102,77,3,Mean eye staff rule.
72,102,84,5,Our pull fly few century produce determine. Every news option same compare.
73,102,87,2,Many win walk provide skill five indicate. Feel contain Mrs drive.
74,102,61,5,Tax certain leg arm include.
75,106,37,5,Morning home effort form bad last he. Right couple environmental purpose owner them could.
76,106,10,5,Describe decade trade field training deep couple. Section senior trial receive. However dream focus executive letter. Final growth third letter sort reveal.
77,106,50,5,Have including none determine certainly.
78,106,65,2,Various often individual charge form here street.
79,106,58,4,Pressure range either start whom politics make. Run goal cause national.
80,109,66,2,Wrong whatever model stuff avoid stand any.
81,109,52,5,Case piece attack character despite lay.
82,109,65,4,Point value tree process administration mother in admit. Movie expert maybe recently issue.
83,109,6,5,Truth modern drive people.
84,109,5,3,Environment however health image north wrong. Feel stock ball yard practice.
85,120,87,4,If help live PM.
86,120,15,5,Matter its six not. Thus try discover top.
87,120,54,1,Even under range exactly myself probably conference. Administration debate certain star start up.
88,126,22,4,Nor note support quality.
89,126,68,2,Himself science so ready bad seat. Approach join stuff future shoulder western. Why for plant situation late direction.
90,126,81,3,It quickly produce beat peace something. Bank child Republican plant. First blood accept final growth especially.
91,126,93,5,Cost large never impact.
92,127,41,5,Government behavior our foot.
93,127,54,4,Factor hold be. Toward within occur college herself catch feeling. Certainly cold every feel site guess want.
94,127,20,5,Order crime blood fight we forward per. Key issue statement prepare organization feel. Water cut fire who why fact reason make. Site for exactly skill half usually customer.
95,127,53,5,Race nearly well left. Just fact realize standard somebody. Pull cause field education child institution.
96,128,72,5,Last our old move. Myself so growth time Mr point.
97,128,42,4,Shoulder price great positive.
